English	Swahili
10	10
100	100
1000	1000
101	101
105	105
11	11
110	110
115	115
12	12
120	120
125	125
13	13
130	130
135	135
14	14
140	140
144	144
145	145
15	15
150	150
155	155
16	16
160	160
165	165
17	17
170	170
1728	1728
1728	Category:1728
175	175
18	18
180	180
19	19
190	190
2	2
20	20
200	200
21	21
22	22
23	23
24	24
25	25
26	26
27	27
28	28
29	29
3	3
30	30
300	300
31	31
32	32
33	33
34	34
35	35
36	36
37	37
38	38
39	39
4	4
40	40
400	400
41	41
42	42
43	43
44	44
45	45
46	46
47	47
48	48
49	49
5	5
50	50
500	500
51	51
52	52
53	53
54	54
55	55
56	56
57	57
58	58
59	59
6	6
60	60
61	61
62	62
63	63
64	64
65	65
66	66
67	67
68	68
69	69
7	7
70	70
71	71
72	72
73	73
74	74
75	75
76	76
77	77
78	78
79	79
8	8
80	80
81	81
82	82
83	83
84	84
85	85
86	86
87	87
88	88
89	89
9	9
90	90
91	91
92	92
93	93
94	94
95	95
96	96
97	97
98	98
99	99
A	A
AIDS	Ukimwi
Aardvark	Mhanga
Abidjan	Abidjan
Abraham	Abrahamu
Abraham Lincoln	Abraham Lincoln
Abu Dhabi	Abu Dhabi
Abuja	Abuja
Academy Award	Academy Awards
Accra	Accra
Acid	Asidi
Acts of the Apostles	Matendo ya Mitume
Addis Ababa	Addis Ababa
Adolf Hitler	Adolf Hitler
Adriatic Sea	Adria
Afghanistan	Afghanistan
Afghanistan	Category:Afghanistan
Africa	Afrika
Africa	Category:Afrika
Afrikaans	Kiafrikaans
Agriculture	Category:Kilimo
Akira Kurosawa	Akira Kurosawa
Alaska	Alaska
Albania	Albania
Albania	Category:Albania
Albatross	Albatrosi
Albert Abraham Michelson	Albert Abraham Michelson
Albert Camus	Albert Camus
Albert Einstein	Albert Einstein
Albert Schweitzer	Albert Schweitzer
Albuquerque	Albuquerque, New Mexico
Aleksandr Solzhenitsyn	Aleksandr Solzhenitsyn
Alexander Fleming	Alexander Fleming
Alexander Graham Bell	Alexander Graham Bell
Alexander Pushkin	Aleksander Pushkin
Alexander the Great	Aleksander Mashuhuri
Alexandria	Aleksandria
Alfred Nobel	Alfred Nobel
Algeria	Category:Algeria
Algiers	Algiers
Ali	Ali ibn Abu Talib
Alkali metal	Metali alikali
Alloy	Aloi
Almaty	Almaty
Alpha (letter)	Alpha
Alpha Centauri	Alpha Centauri
Alphabet	Alfabeti
Alps	Alpi
Aluminium	Alumini
Amazon River	Amazonas (mto)
American Civil War	Vita vya wenyewe kwa wenyewe vya Marekani
American Samoa	Samoa ya Marekani
Amerigo Vespucci	Amerigo Vespucci
Amman	Amman
Ampere	Ampea
Amsterdam	Amsterdam
Amur	Amur (mto)
Anarchism	Utawala huria
Anatidae	Bata
Anatole France	Anatole France
Andalusia	Andalusia
Andes	Andes
Andorra	Andorra
Andrew Jackson	Andrew Jackson
Andrew Johnson	Andrew Johnson
Andy Warhol	Andy Warhol
Angle	Pembe (jiometria)
Angola	Angola
Angola	Category:Angola
Anguilla	Anguilla
Anno Domini	Baada ya Kristo
Antananarivo	Antananarivo
Antarctica	Bara la Antaktiki
Antigua and Barbuda	Antigua na Barbuda
Anton Bruckner	Anton Bruckner
Anton Chekhov	Anton Chekhov
Antonio Vivaldi	Antonio Vivaldi
Antwerp	Antwerpen
Apia	Apia
Apple	Tofaa
April	Aprili
April 14	14 Aprili
Arab	Waarabu
Arab League	Jumuiya ya Nchi za Kiarabu
Arabian Peninsula	Bara Arabu
Arabic alphabet	Herufi za Kiarabu
Arabic language	Kiarabu
Aral Sea	Aral (ziwa)
Archaeology	Akiolojia
Archbishop	Askofu mkuu
Archimedes	Archimedes
Archipelago	Funguvisiwa
Architecture	Ujenzi
Arctic Ocean	Bahari ya Aktiki
Argentina	Argentina
Argentina	Category:Argentina
Argon	Arigoni
Aristotle	Aristoteli
Arithmetic	Hesabu
Armenia	Armenia
Armenia	Category:Armenia
Arsenic	Asenia
Arthur Compton	Arthur Holly Compton
Arthur Rimbaud	Arthur Rimbaud
Aruba	Aruba
Asia	Asia
Asia	Category:Asia
Asmara	Asmara
Astana	Astana
Astatine	Astatini
Astrology	Unajimu
Astronomy	Falaki
Astronomy	Category:Falaki
Aswan	Aswan
Athens	Athens
Atlantic Ocean	Atlantiki
Atlantic Ocean	Category:Atlantiki
Atoll	Atolli
Atom	Atomi
Atomic mass	Uzani atomia
Atomic number	Namba atomia
August	Agosti
August 1	1 Agosti
August 15	15 Agosti
August 6	6 Agosti
Augustine of Hippo	Agostino wa Hippo
Augustus	Augusto
Australia	Category:Australia
Austria	Austria
Austria	Category:Austria
Austria-Hungary	Austria-Hungaria
Avalanche	Banguko
Ayatollah	Ayatollah
Azerbaijan	Azerbaijan
Azores	Azori
Aztec	Azteki
B	B
Babylon	Babeli
Bacteria	Bakteria
Baghdad	Baghdad
Bahrain	Bahrain
Bahrain	Category:Bahrain
Baku	Baku
Balkans	Balkani
Baltic Sea	Bahari ya Baltiki
Bamako	Bamako
Banana	Ndizi
Bangkok	Bangkok
Bangladesh	Bangla Desh
Bangladesh	Category:Bangladesh
Bangui	Bangui
Banjul	Banjul
Barbados	Barbados
Barium	Bari
Basil of Caesarea	Basil wa Caesarea
Basra	Basra
Basseterre	Basseterre
Bauxite	Boksiti
Bay of Bengal	Ghuba ya Bengali
Bede	Bede Mheshimiwa
Beer	Bia
Beijing	Beijing
Beirut	Beirut
Belarus	Belarus
Belgium	Ubelgiji
Belgium	Category:Ubelgiji
Belgrade	Belgrad
Belize	Belize
Belize	Category:Belize
Benin	Benin
Benin	Category:Benin
Benito Mussolini	Benito Mussolini
Benjamin Harrison	Benjamin Harrison
Bering Strait	Mlango wa Bering
Berlin	Berlin
Bermuda	Bermuda
Berne	Bern
Bertrand Russell	Bertrand Russell
Beryllium	Berili
Beta (letter)	Beta
Bhutan	Bhutan
Bible	Biblia ya Kikristo
Bible	Category:Biblia
Binoculars	Darubini
Biology	Biolojia
Biology	Category:Biolojia
Bird	Ndege (mnyama)
Bishkek	Bishkek
Bismuth	Bismuthi
Bissau	Bisau
Black Forest	Msitu mweusi
Black Sea	Bahari Nyeusi
Bloemfontein	Bloemfontein
Blog	Blogu
Blood	Damu
Bob Dylan	Bob Dylan
Bob Marley	Bob Marley
Bolivia	Bolivia
Bolivia	Category:Bolivia
Bonn	Bonn
Book	Kitabu
Book of Esther	Kitabu cha Esta
Book of Joshua	Kitabu cha Yoshua
Book of Judges	Waamuzi (Biblia)
Book of Mormon	Kitabu cha Mormoni
Book of Numbers	Hesabu (Biblia)
Book of Revelation	Ufunuo wa Yohane
Book of Ruth	Kitabu cha Ruthu
Boris Pasternak	Boris Leonidovich Pasternak
Borneo	Borneo
Boron	Boroni
Bosnia and Herzegovina	Bosnia na Herzegovina
Bosporus	Bosporus
Botany	Botania
Botswana	Botswana
Botswana	Category:Botswana
Boxers	Category:Wapiga ngumi
Bram Stoker	Bram Stoker
Bratislava	Bratislava
Brazil	Brazil
Brazil	Category:Brazil
Brazzaville	Brazzaville
Bread	Mkate
Bremen	Bremen
Bridgetown	Bridgetown
British Isles	Funguvisiwa ya Britania
British Virgin Islands	Visiwa vya Virgin vya Uingereza
British people	Category:Watu wa Uingereza
Bromine	Bromi
Bruce Lee	Bruce Lee
Brunei	Brunei
Brunei	Category:Brunei
Brussels	Brussels
Bucharest	Bukarest
Budapest	Budapest
Buddhism	Ubuddha
Buenos Aires	Buenos Aires
Bujumbura	Bujumbura
Bulgaria	Bulgaria
Bulgaria	Category:Bulgaria
Burkina Faso	Burkina Faso
Burkina Faso	Category:Burkina Faso
Burma	Myanmar
Burundi	Category:Burundi
C	C
Cadmium	Cadimi
Caesium	Caesi
Cairo	Kairo
Calcium	Kalisi
Caldera	Kaldera
Calendar	Kalenda
California	California
Calvin Coolidge	Calvin Coolidge
Cambodia	Kamboja
Cambodia	Category:Kamboja
Cameroon	Kamerun
Cameroon	Category:Kamerun
Canada	Kanada
Canada	Category:Kanada
Canary Islands	Visiwa vya Kanari
Canary Islands	Category:Visiwa vya Kanari
Canberra	Canberra
Cape Town	Cape Town
Cape Verde	Cabo Verde
Cape Verde	Category:Cabo Verde
Cape of Good Hope	Rasi ya Tumaini Jema
Capital	Mji mkuu
Capital punishment	Adhabu ya kifo
Caracas	Caracas
Carbohydrate	Kabohidrati
Carbon	Kaboni
Cardiff	Cardiff
Cardinal (Catholicism)	Kardinali
Caribbean	Visiwa vya Karibi
Caribbean	Category:Karibi
Caribbean Sea	Bahari ya Karibi
Carl David Anderson	Carl David Anderson
Carl Maria von Weber	Carl Maria von Weber
Carthage	Karthago
Caspian Sea	Bahari ya Kaspi
Castries	Castries
Cat	Paka
Cayenne	Cayenne
Cayman Islands	Cayman
Cecil Rhodes	Cecil Rhodes
Cell (biology)	Seli
Celsius	Selsiasi
Cement	Saruji
Central Africa	Afrika ya Kati
Central African Republic	Jamhuri ya Afrika ya Kati
Central African Republic	Category:Jamhuri ya Afrika ya Kati
Central America	Amerika ya Kati
Central America	Category:Amerika ya Kati
Century	Karne
Cereal	nafaka
Chad	Chad
Chad	Category:Chad
Charlemagne	Karolo Mkuu
Charles Darwin	Charles Darwin
Charles Dickens	Charles Dickens
Charles Thomson Rees Wilson	Charles Wilson
Charles de Gaulle	Charles de Gaulle
Charlie Chaplin	Charlie Chaplin
Che Guevara	Che Guevara
Cheese	Jibini
Cheetah	Duma
Chemical compound	Kampaundi
Chemical element	Elementi za kikemia
Chemistry	Kemia
Chemistry	Category:Kemia
Chess	Sataranji
Chester A. Arthur	Chester Arthur
Chiang Kai-shek	Chiang Kai-shek
Chicago	Chicago
Chile	Chile
Chile	Category:Chile
China	Category:Uchina
Chlorine	Chlorini
Chocolate	Chokoleti
Christianity	Ukristo
Christianity	Category:Ukristo
Christmas	Krismasi
Christopher Columbus	Kristoforo Kolumbus
Chromium	Chromi
Circle	Duara
City-state	Dola-mji
Civil war	Vita ya wenyewe kwa wenyewe
Cobalt	Kobalti
Cocaine	Kokain
Coconut	Mnazi (mti)
Cocos (Keeling) Islands	Visiwa vya Cocos (Keeling)
Coffee	Kahawa
Coin	Sarafu
Cologne	Köln
Colombia	Kolombia
Colombia	Category:Kolombia
Colosseum	Koloseo
Colossus of Rhodes	Sanamu ya Kolossos kisiwani Rhodos
Comet	Nyotamkia
Commonwealth of Independent States	Jumuiya ya Nchi Huru
Commonwealth of Nations	Jumuiya ya Madola
Communication	Category:Mawasiliano
Comoros	Komori
Computer	Tarakilishi
Conakry	Conakry
Congo	Kongo
Congo River	Kongo (mto)
Conquistador	Conquistador
Consonant	Konsonanti
Constantine I	Konstantino Mkuu
Constellation	Kundinyota
Constitution (political)	Katiba
Continent	Bara
Copenhagen	Kopenhagen
Copper	Shaba
Cormorant	Mnandi
Corsica	Korsika
Costa Rica	Kosta Rika
Cotonou	Cotonou
Country	Nchi
Court	Mahakama
Crane (bird)	Korongo (Gruidae)
Croatia	Kroatia
Crow	Kunguru
Crust (geology)	Ganda la dunia
Cuba	Kuba
Curitiba	Curitiba
Cyclone	Tufani
Cyprus	Kupro
Cyrillic alphabet	Kikyrili
Czech Republic	Ucheki
Czech Republic	Category:Ucheki
Czechoslovakia	Chekoslovakia
D	D
Dakar	Dakar
Dam	Lambo
Damascus	Dameski
Dante Alighieri	Dante Alighieri
Danube	Danubi (mto)
Dar es Salaam	Dar es Salaam
Dardanelles	Dardaneli
Darmstadtium	Darmstadti
David Livingstone	David Livingstone
Day	Siku
Deacon	Shemasi
Dead Sea	Bahari ya Chumvi
December	Desemba
December 31	31 Desemba
December 8	8 Desemba
Decius (emperor)	Kaizari Decius
Degree (angle)	Nyuzi
Delaware	Delaware
Democratic Republic of the Congo	Jamhuri ya Kidemokrasia ya Kongo
Democratic Republic of the Congo	Category:Jamhuri ya Kidemokrasia ya Kongo
Denmark	Denmark
Denmark	Category:Denmark
Dennis Gabor	Dennis Gabor
Desert	Jangwa
Deserts	Category:Jangwa
Deuteronomy	Kumbukumbu la Sheria
Diameter	Kipenyo
Diamond	Almasi
Dictatorship	Udikteta
Dinosaur	Dinosau
Diocletian	Diokletian
Disambiguation	Category:Makala zinazotofautisha maana
Djibouti	Category:Jibuti
Djibouti (city)	Jibuti (mji)
Dodoma	Dodoma (mji)
Doha	Doha
Dollar	Dola (pesa)
Dome	Kuba (jengo)
Dominica	Dominica
Dominican Republic	Jamhuri ya Dominika
Domitian	Domitian
Donatello	Donatello
Douala	Douala
Dresden	Dresden
Drink	Kinywaji
Dubai	Dubai
Dublin	Dublin
Duke Ellington	Duke Ellington
Dune	Tuta la mchanga
Durban	Durban
Dushanbe	Dushanbe
Dwight D. Eisenhower	Dwight D. Eisenhower
E	E
Eagle	Tai
Earth	Dunia
Earth science	Sayansi za dunia
Earthquake	Tetemeko la ardhi
East Africa	Afrika ya Mashariki
East Germany	Jamhuri ya Kidemokrasia ya Kijerumani
East Timor	Timor ya Mashariki
East Timor	Category:Timor ya Mashariki
Easter	Pasaka
Economics	Category:Uchumi
Ecuador	Ekuador
Ecuador	Category:Ekuador
Ecumenical council	Mtaguso Mkuu
Edinburgh	Edinburgh
Edmund Hillary	Edmund Hillary
Eduard Buchner	Eduard Buchner
Education	Elimu
Edvard Grieg	Edvard Grieg
Edward the Confessor	Edward Muungamaji
Egypt	Misri
Egypt	Category:Misri
Eiffel Tower	Mnara wa Eiffel
El Salvador	El Salvador
El Salvador	Category:El Salvador
Elbe	Elbe
Electron	Elektroni
Elephant	Ndovu
Elias Canetti	Elias Canetti
Elijah	Nabii Eliya
Ella Fitzgerald	Ella Fitzgerald
Elvis Presley	Elvis Presley
Emerald	Zumaridi
Emma Goldman	Emma Goldman
Emperor	Kaizari
Empire State Building	Empire State Building
Encyclopedia	Kamusi elezo
Engineering	Uhandisi
England	Uingereza (nchi)
English Channel	Mfereji wa Kiingereza
English language	Kiingereza
English language	Category:Kiingereza
Enrico Fermi	Enrico Fermi
Epistle to the Galatians	Waraka kwa Wagalatia
Epistle to the Romans	Waraka kwa Waroma
Epsilon	Epsilon
Equator	Ikweta
Equatorial Guinea	Guinea ya Ikweta
Equatorial Guinea	Category:Guinea ya Ikweta
Erik Axel Karlfeldt	Erik Axel Karlfeldt
Eris (dwarf planet)	Eris (sayari kibete)
Eritrea	Category:Eritrea
Ernest Hemingway	Ernest Hemingway
Ernest Rutherford	Ernest Rutherford
Erosion	Mmomonyoko
Esperanto	Kiesperanto
Estonia	Category:Estonia
Ethiopia	Ethiopia
Ethiopia	Category:Ethiopia
Eugene O'Neill	Eugene O'Neill
Euphrates	Frati
Euro	Euro
Europe	Ulaya
Europe	Category:Ulaya
European Community	Jumuiya ya Kiuchumi ya Ulaya
European Union	Umoja wa Ulaya
Evaporation	Uvukizaji
Exodus	Kutoka (Biblia)
F	F
Falcon	Kozi
February	Februari
February 12	12 Februari
February 14	14 Februari
February 2	2 Februari
February 22	22 Februari
February 29	29 Februari
Felix Mendelssohn	Felix Mendelssohn
Ferdinand Magellan	Ferdinand Magellan
Fidel Castro	Fidel Castro
Fiji	Fiji
Finland	Ufini
Finland	Category:Ufini
Firearm	bunduki
First Epistle to the Corinthians	Waraka wa kwanza kwa Wakorintho
First language	Lugha ya kwanza
Flag	Bendera
Flamingo	Heroe
Flanders	Flandria
Florence	Firenze
Florence Nightingale	Florence Nightingale
Florida	Florida
Flour	Unga
Food	chakula
Foot (unit of length)	Futi
Football (soccer)	Mpira wa miguu
France	Ufaransa
France	Category:Ufaransa
Francis Crick	Francis Crick
Francis of Assisi	Fransisko wa Asizi
Franciscan	Wafransisko
Francisco Goya	Francisco de Goya
Francisco Pizarro	Francisco Pizarro
Francium	Fransi
Frankfurt	Frankfurt am Main
Frankfurt (disambiguation)	Frankfurt
Franklin Pierce	Franklin Pierce
Franz Kafka	Franz Kafka
Franz Liszt	Franz Liszt
Franz Schubert	Franz Schubert
Frederick Sanger	Frederick Sanger
Frederick Soddy	Frederick Soddy
Free State	Dola Huru
Freetown	Freetown
French Polynesia	Polynesia ya Kifaransa
French Revolution	Mapinduzi ya Ufaransa
French people	Category:Watu wa Ufaransa
Friday	Ijumaa
Fridtjof Nansen	Fridtjof Nansen
Fritz Haber	Fritz Haber
Fruit	Tunda
Fruit	Category:Matunda
Fundamental	Category:Jamii Kuu
Furniture	Fanicha
Fyodor Dostoevsky	Fyodor Dostoyevski
G	G
Gabon	Gabon
Gabon	Category:Gabon
Gaborone	Gaborone
Gabriel Lippmann	Gabriel Lippmann
Galaxy	Galaksi
Gallium	Gali
Gamal Abdel Nasser	Gamal Abdel Nasser
Gamma	Gamma
Ganges	Ganga (mto)
Gansu	Gansu
Gas	Gesi
Gaul	Gallia
Gaza Strip	Ukanda wa Gaza
Gemstone	Kito
General Officer	Jenerali
Genesis	Mwanzo (Biblia)
Geoffrey Chaucer	Geoffrey Chaucer
Geography	Jiografia
Geography	Category:Jiografia
Geology	Category:Jiolojia
Geometry	Category:Jiometria
Georg Wilhelm Friedrich Hegel	Georg Wilhelm Friedrich Hegel
George Bernard Shaw	George Bernard Shaw
George Frideric Handel	Georg Friederich Händel
George Gershwin	George Gershwin
George W. Bush	George W. Bush
George Washington	George Washington
Georges Bizet	Georges Bizet
Georgetown	Georgetown (Guyana)
Georgia (U.S. state)	Georgia (jimbo)
Georgia (country)	Georgia (nchi)
Georgia (country)	Category:Georgia (nchi)
German language	Kijerumani
Germanium	Gerimani
Germany	Ujerumani
Germany	Category:Ujerumani
Ghana	Ghana
Ghana	Category:Ghana
Giacomo Puccini	Giacomo Puccini
Gibraltar	Gibraltar
Giraffe	Twiga
Giuseppe Verdi	Giuseppe Verdi
Glacier	Barafuto
Glass	Kioo
Goat	Mbuzi
God	Mungu
Gold	Dhahabu
Gospel	Injili
Gospel of Luke	Injili ya Luka
Granada	Granada
Grape	Zabibu
Great Barrier Reef	Great Barrier Reef
Great Lakes	Maziwa makubwa ya Amerika Kaskazini
Great Wall of China	Ukuta wa China
Greater Antilles	Antili Kubwa
Grebe	Kibisi
Greece	Ugiriki
Greece	Category:Ugiriki
Greek alphabet	Alfabeti ya Kigiriki
Greenland	Greenland
Gregorian calendar	Kalenda ya Gregori
Grover Cleveland	Grover Cleveland
Guadeloupe	Guadeloupe
Guam	Guam
Guangdong	Guangdong
Guatemala	Category:Guatemala
Guatemala City	Guatemala City
Guernsey	Guernsey
Guglielmo Marconi	Guglielmo Marconi
Guinea	Guinea
Guinea	Category:Guinea
Guinea-Bissau	Guinea Bisau
Guinea-Bissau	Category:Guinea Bisau
Gulf Stream	Mkondo wa Ghuba
Gulf of Aden	Bahari ya Eritrea
Gulf of Aqaba	Ghuba ya Akaba
Gulf of Guinea	Ghuba ya Guinea
Gulf of Mexico	Ghuba ya Meksiko
Gulf of Oman	Ghuba ya Omani
Gull	Shakwe
Gunpowder	baruti
Gustav Ludwig Hertz	Gustav Hertz
Gustav Mahler	Gustav Mahler
H	H
Hadith	Hadithi za Mtume Muhammad
Hadrian	Kaizari Hadrian
Hafnium	Hafni
Haiti	Haiti
Haiti	Category:Haiti
Hamburg	Hamburg
Hammurabi	Hammurabi
Han Dynasty	Utawala wa Han
Hanoi	Hanoi
Hans Bethe	Hans Bethe
Harare	Harare
Harold Pinter	Harold Pinter
Havana	Havana
Hawaii	Hawaii
Health	Category:Afya
Hebei	Hebei
Hectare	Hektari
Hector Berlioz	Hector Berlioz
Helen Keller	Helen Keller
Helena	Helena, Montana
Helium	Heli
Helsinki	Helsinki
Henri Becquerel	Antoine Henri Becquerel
Henri Bergson	Henri Bergson
Henri Matisse	Henri Matisse
Henrik Ibsen	Henrik Ibsen
Henry Fonda	Henry Fonda
Hermann Hesse	Hermann Hesse
Herodotus	Herodoti
Heron	Kingoyo
Hesse	Hesse
Hezbollah	Hezbollah
Hideki Yukawa	Hideki Yukawa
Himalayas	Himalaya
Hipparchus	Hipparchos wa Nikaia
Hippocrates	Hippokrates
Hippopotamus	Kiboko
Hirohito	Hirohito wa Japani
Hispaniola	Hispaniola
History	Historia
Holiday	Sikukuu
Hollywood	Hollywood
Holy Roman Empire	Dola Takatifu la Kiroma
Homer	Homer
Honduras	Honduras
Honduras	Category:Honduras
Honey	Asali
Honey Buzzard	Kengewa
Hong Kong	Hong Kong
Honiara	Honiara
Horace	Horatius
Hour	Saa
House	Nyumba
Human	Binadamu
Hunan	Hunan
Hungary	Hungaria
Hungary	Category:Hungaria
Hydrogen	Hidrojeni
I	I
I. M. Pei	Ieoh Ming Pei
Iberian Peninsula	Rasi ya Iberia
Ice	Barafu
Iceland	Iceland
Iceland	Category:Iceland
Ido	Kiido
Igor Stravinsky	Igor Stravinsky
Illinois	Illinois
India	Uhindi
India	Category:Uhindi
Indian Ocean	Bahari ya Hindi
Indian Ocean	Category:Bahari ya Hindi
Indium	Indi
Indochina	Indochina
Indonesia	Indonesia
Indonesia	Category:Indonesia
Indus River	Indus (mto)
Ingmar Bergman	Ingmar Bergman
Inner Mongolia	Mongolia ya Kichina
International Court of Justice	Mahakama Kuu ya Kimataifa
International Monetary Fund	IMF
International System of Units	Vipimo sanifu vya kimataifa
Internet	Intaneti
Internment	Makambi ya KZ
Iodine	Iodini
Ionia	Ionia
Iran	Uajemi
Iran	Category:Uajemi
Iraq	Iraq
Iraq	Category:Iraq
Irenaeus	Mtakatifu Ireneo
Irish people	Category:Watu wa Ireland
Iron	Chuma
Isaac Bashevis Singer	Isaac Bashevis Singer
Isaac Newton	Isaac Newton
Islam	Uislamu
Islam	Category:Uislamu
Islamabad	Islamabad
Islamic calendar	Kalenda ya Kiislamu
Island	Kisiwa
Isle of Man	Isle of Man
Israel	Israel
Israel	Category:Israel
Istanbul	Istanbul
Italian Peninsula	Rasi ya Italia
Italy	Italia
Italy	Category:Italia
Ivan Pavlov	Ivan Pavlov
J	J
Jacques Cartier	Jacques Cartier
Jacques Offenbach	Jacques Offenbach
Jakarta	Jakarta
Jamaica	Jamaika
Jamaica	Category:Jamaika
James A. Garfield	James A. Garfield
James Buchanan	James Buchanan
James Cook	James Cook
James Franck	James Franck
James Joyce	James Joyce
James K. Polk	James K. Polk
James Madison	James Madison
James Monroe	James Monroe
James Watt	James Watt
January	Januari
January 1	1 Januari
January 19	19 Januari
January 20	20 Januari
January 6	6 Januari
Japan	Japani
Japan	Category:Japani
Jean Sibelius	Jean Sibelius
Jean-Paul Sartre	Jean-Paul Sartre
Jeddah	Jeddah
Jersey	Jersey
Jerusalem	Yerusalemu
Jesus	Yesu
Jimi Hendrix	Jimi Hendrix
Johann Sebastian Bach	Johann Sebastian Bach
Johann Wolfgang von Goethe	Johann Wolfgang von Goethe
Johannes Brahms	Johannes Brahms
Johannes Gutenberg	Johannes Gutenberg
Johannes Vilhelm Jensen	Johannes Vilhelm Jensen
Johannesburg	Johannesburg
John Adams	John Adams
John Bardeen	John Bardeen
John Galsworthy	John Galsworthy
John Lennon	John Lennon
John Locke	John Locke
John Quincy Adams	John Quincy Adams
John Steinbeck	John Steinbeck
John Tyler	John Tyler
Jordan	Yordani
Jordan	Category:Yordani
Jordan River	Yordani (mto)
Jorge Luis Borges	Jorge Luis Borges
Joseph Pulitzer	Joseph Pulitzer
Joseph Stalin	Josef Stalin
Joule	Jouli
Judaism	Category:Uyahudi
Julian calendar	Kalenda ya Juliasi
Julius Caesar	Julius Caesar
July	Julai
July 1	1 Julai
July 4	4 Julai
June	Juni
June 14	14 Juni
June 21	21 Juni
June 23	23 Juni
June 24	24 Juni
June 29	29 Juni
June 3	3 Juni
Juneau	Juneau (Alaska)
Jupiter	Mshtarii
Jutland	Jutland
K	K
Kabul	Kabul
Kampala	Kampala
Karachi	Karachi
Karen Blixen	Karen Blixen
Kathmandu	Kathmandu
Kaunas	Kaunas
Kazakhstan	Kazakhstan
Kazakhstan	Category:Kazakhstan
Kelvin	Kelvini
Kenya	Kenya
Kenya	Category:Kenya
Khartoum	Khartoum
Kiev	Kiev
Kigali	Kigali
Kilogram	Kilogramu
Kilometre	Kilomita
Kilometres per hour	Km/h
Kingston	Kingston (Jamaika)
Kingstown	Kingstown
Kinshasa	Kinshasa
Kiribati	Kiribati
Knut Hamsun	Knut Hamsun
Korea	Rasi ya Korea
Korean War	Vita ya Korea
Kosovo	Kosovo
Krypton	Kriptoni
Kuala Lumpur	Kuala Lumpur
Kuomintang	Kuomintang
Kuwait	Kuwait
Kuwait	Category:Kuwait
Kuwait City	Jiji la Kuwait
KwaZulu-Natal	KwaZulu-Natal
Kyoto	Kyoto
Kyrgyzstan	Kirgizia
Kyrgyzstan	Category:Kirgizia
L	L
La Paz	La Paz
Lagos	Lagos
Lake	Ziwa
Lake Baikal	Baikal (ziwa)
Lake Chad	Chad (ziwa)
Lake Constance	Ziwa la Konstanz
Lake Malawi	Nyasa (ziwa)
Lake Tanganyika	Tanganyika (ziwa)
Lake Victoria	Victoria (ziwa)
Language	Lugha
Laos	Laos
Laos	Category:Laos
Latin	Kilatini
Latin America	Amerika ya Kilatini
Latin alphabet	Alfabeti ya Kilatini
Latitude	Latitudo
Latvia	Latvia
Latvia	Category:Latvia
Lava	Lava
Le Corbusier	Le Corbusier
Lead	Risasi
League of Nations	Shirikisho la Mataifa
Lebanon	Lebanoni
Lebanon	Category:Lebanon
Leeds	Leeds
Lemon	limau
Leonardo da Vinci	Leonardo da Vinci
Lesotho	Lesotho
Lesotho	Category:Lesotho
Lesser Antilles	Antili Ndogo
Letter (alphabet)	Herufi
Leviticus	Walawi (Biblia)
Liberia	Liberia
Liberia	Category:Liberia
Libreville	Libreville
Libya	Libya
Libya	Category:Libya
Liechtenstein	Liechtenstein
Liechtenstein	Category:Liechtenstein
Life	Category:Maisha
Light-year	Mwaka wa nuru
Lighthouse	Mnara wa taa
Lilongwe	Lilongwe
Lima	Lima
Linguistics	Isimu
Linus Pauling	Linus Pauling
Liquid	Kiowevu
Lisbon	Lisbon
Literature	Fasihi
Literature	Category:Fasihi
Lithium	Lithi
Lithuania	Lituanya
Lithuania	Category:Lituanya
Litre	Lita
Ljubljana	Lyublyana
London	London
Los Angeles	Los Angeles
Louis Armstrong	Louis Armstrong
Louis Pasteur	Louis Pasteur
Luanda	Luanda
Ludwig van Beethoven	Ludwig van Beethoven
Luigi Pirandello	Luigi Pirandello
Lusaka	Lusaka
Luxembourg	Luxemburg
Luxembourg (city)	Luxemburg (mji)
Lyon	Lyon
M	M
Macau	Macau
Machine gun	Bombomu
Madagascar	Madagaska
Madagascar	Category:Madagaska
Madeira	Visiwa vya Madeira
Madrid	Madrid
Magma	Magma
Magnesium	Magnesi
Mahatma Gandhi	Mohandas Karamchand Gandhi
Maize	Mhindi
Malabo	Malabo
Malaria	Malaria
Malawi	Category:Malawi
Malay Peninsula	Rasi ya Malay
Malaysia	Malaysia
Maldives	Maldivi
Maldives	Category:Maldivi
Mali	Mali
Mali	Category:Mali
Malta	Malta
Maltese language	Kimalta
Managua	Managua
Manama	Manama
Manchuria	Manchuria
Manganese	Manganisi
Manila	Manila
Mao Zedong	Mao Zedong
Map	Ramani
Maputo	Maputo
Marble	Marumaru
Marcel Proust	Marcel Proust
March	Machi
March 17	17 Machi
March 19	19 Machi
March 2	2 Machi
March 25	25 Machi
Marco Polo	Marco Polo
Marcus Aurelius	Marcus Aurelius
Margaret Thatcher	Margaret Thatcher
Mariana Islands	Visiwa vya Mariana
Marie Curie	Marie Curie
Marilyn Monroe	Marilyn Monroe
Marlene Dietrich	Marlene Dietrich
Marshall Islands	Visiwa vya Marshall
Martin Luther	Martin Luther
Martin Luther King	Martin Luther King, Jr.
Martin Van Buren	Martin Van Buren
Martinique	Martinique
Marx Brothers	Marx Brothers
Maryland	Maryland
Maseru	Maseru
Match	Kibiriti
Mathematics	Hisabati
Mathematics	Category:Hisabati
Mauritania	Mauritania
Mauritania	Category:Mauretania
Mauritius	Morisi
Max Born	Max Born
Max Planck	Max Planck
Maximian	Kaizari Maximian
May	Mei
May 1	1 Mei
May 24	24 Mei
Mbabane	Mbabane
Measurement	upimaji
Meat	Nyama
Mecca	Makka
Medici	Medici
Medicine	Category:Tiba
Mediterranean Sea	Bahari ya Mediteranea
Mekong	Mekong (mto)
Mel Gibson	Mel Gibson
Melanesia	Melanesia
Melting point	Kiwango cha kuyeyuka
Mercury (element)	Zebaki
Mercury (planet)	Utaridi
Mesopotamia	Mesopotamia
Metallic bond	Muungo metali
Meteoroid	Kimondo
Meteorology	Category:Metorolojia
Metre	Mita
Mexico	Mexiko
Mexico	Category:Mexiko
Mexico City	Mexico (mji)
Miami	Miami
Michelangelo	Michelangelo
Micronesia	Mikronesia
Microscope	Hadubini
Middle Ages	Zama za Kati
Middle East	Mashariki ya Kati
Miguel de Cervantes	Miguel de Cervantes
Mike Tyson	Mike Tyson
Mikhail Glinka	Mikhail Glinka
Mile	Maili
Miles Davis	Miles Davis
Milk	Maziwa
Millard Fillmore	Millard Fillmore
Millennium	Milenia
Millimetre	Millimita
Minsk	Minsk
Minute	Dakika
Mississippi River	Mississippi (mto)
Modest Mussorgsky	Modest Mussorgsky
Mogadishu	Mogadishu
Molybdenum	Molibdeni
Mombasa	Mombasa
Monaco	Monako
Monaco	Category:Monako
Monday	Jumatatu
Money	Pesa
Mongolia	Mongolia
Mongolia	Category:Mongolia
Monrovia	Monrovia
Mont Blanc	Mont Blanc
Montana	Montana
Montenegro	Montenegro
Montenegro	Category:Montenegro
Montevideo	Montevideo
Month	Mwezi (wakati)
Montreal	Montreal
Moon	Mwezi (gimba la angani)
Moravia	Moravia
Morocco	Moroko
Morocco	Category:Moroko
Moscow	Moscow
Moses	Musa
Mosque	Msikiti
Mother Teresa	Mama Teresa
Mount Everest	Everest (mlima)
Mount Kilimanjaro	Kilimanjaro (mlima)
Mount Vesuvius	Vesuvio
Mozambique	Msumbiji
Mozambique	Category:Msumbiji
Muhammad	Muhammad
Mumbai	Mumbai
Munich	München
Murray Gell-Mann	Murray Gell-Mann
Muscat	Muskat (Omani)
Music	Category:Muziki
N	N
N'Djamena	N'Djamena
NATO	NATO
Nadine Gordimer	Nadine Gordimer
Nagasaki	Nagasaki
Nahuatl	Kinahuatl
Nairobi	Nairobi
Namib Desert	Jangwa la Namib
Namibia	Namibia
Namibia	Category:Namibia
Naples	Napoli
Nassau	Nassau (Bahamas)
Nation	Madola
National anthem	Wimbo wa Taifa
Nauru	Nauru
Nazi Germany	Dola la Tatu
Nazi Party	NSDAP
Nebraska	Nebraska
Nebuchadrezzar II	Nebukadreza II
Nebula	Nebula
Neil Armstrong	Neil Armstrong
Nelson Mandela	Nelson Mandela
Neon	Neoni
Nepal	Nepal
Neptune	Neptun
Neptunium	Neptuni (elementi)
Nerva	Kaizari Nerva
Netherlands	Uholanzi
Netherlands Antilles	Antili za Kiholanzi
Neutron	Nyutroni
New Caledonia	Kaledonia Mpya
New Delhi	New Delhi
New Guinea	Guinea Mpya
New Mexico	New Mexico
New Orleans	New Orleans
New South Wales	New South Wales
New Testament	Agano Jipya
New York City	New York
New Zealand	New Zealand
Newton	Nyutoni
Niagara Falls	Maporomoko ya Niagara
Niamey	Niamey
Nicaragua	Nikaragua
Nickel	Nikeli
Nicosia	Nikosia
Nicotine	Nikotini
Niels Bohr	Niels Bohr
Niger	Niger
Niger	Category:Niger
Niger River	Niger (mto)
Nigeria	Nigeria
Nigeria	Category:Nigeria
Nikita Khrushchev	Nikita Krushchov
Nile	Nile
Niobium	Niobi
Nitrogen	Nitrojeni
Nobel Prize	Tuzo ya Nobeli
Nobel Prize	Category:Tuzo ya Nobel
Noble gas	Gesi adimu
Norfolk	Norfolk
Norfolk Island	Kisiwa cha Norfolk
North	Kaskazini
North Africa	Afrika ya Kaskazini
North America	Amerika ya Kaskazini
North America	Category:Amerika ya Kaskazini
North Carolina	North Carolina
North Korea	Korea Kaskazini
North Pole	Ncha ya kaskazini
North Sea	Bahari ya Kaskazini
Northern Europe	Ulaya ya Kazkazini
Northern Mariana Islands	Visiwa vya Mariana ya Kaskazini
Norway	Norwei
Norway	Category:Norwei
Nose	Pua
Nouakchott	Nouakchott
Novel	Riwaya
November	Novemba
November 1	1 Novemba
November 11	11 Novemba
November 2	2 Novemba
November 5	5 Novemba
Nuclear weapon	Bomu la nyuklia
Numbers	Category:Namba
Numidia	Numidia
Nut (fruit)	jozi
O	O
Oat	oti
Ocean	Bahari
Ocean current	Mkondo wa bahari
Oceania	Australia na Pasifiki
October	Oktoba
October 12	12 Oktoba
October 24	24 Oktoba
Okapi	Okapi
Old Testament	Agano la Kale
Olympic Games	Michezo ya Olimpiki
Oman	Omani
Oman	Category:Omani
Omega	Omega
Opera	Opera
Orinoco	Orinoco
Oslo	Oslo
Osman I	Osmani I
Ostrich	Mbuni
Otho	Kaizari Otho
Ottawa	Ottawa
Otto Hahn	Otto Hahn
Otto von Bismarck	Otto von Bismarck
Ottoman Empire	Milki ya Osmani
Ovid	Ovid
Oxygen	Oksijeni
P	P
Pablo Neruda	Pablo Neruda
Pablo Picasso	Pablo Picasso
Pacific Ocean	Pasifiki
Pacific Ocean	Category:Pasifiki
Pakistan	Pakistan
Pakistan	Category:Pakistan
Palau	Palau
Palladium	Paladi
Panama	Panama
Panama	Category:Panama
Panama Canal	Mfereji wa Panama
Panama City	Panama City
Papua New Guinea	Papua Guinea Mpya
Paraguay	Paraguay
Paramaribo	Paramaribo
Paris	Paris
Parliament	Bunge
Passover	Pasaka ya Kiyahudi
Pasteurization	Upasteurishaji
Patagonia	Patagonia
Patrick White	Patrick White
Paul Johann Ludwig von Heyse	Paul Heyse
Paul the Apostle	Mtakatifu Paulo
Pauli exclusion principle	Kanuni ya Pauli
Peace of Westphalia	Amani ya Westfalia
Peafowl	Tausi
Penguin	Ngwini
Pennsylvania	Pennsylvania
Pentecost	Pentekoste
People	Category:Watu
Periodic table	Mfumo radidia
Persian Gulf	Ghuba ya Uajemi
Peru	Peru
Peru	Category:Peru
Peter Paul Rubens	Peter Paul Rubens
Philipp Lenard	Philipp Lenard
Philippines	Ufilipino
Philosophy	Category:Falsafa
Phnom Penh	Phnom Penh
Phoenicia	Wafinisia
Phonetics	Fonetiki
Phonology	Fonolojia
Phosphorus	Posferi
Physics	Fizikia
Physics	Category:Fizikia
Pi	Pi
Pierre Curie	Pierre Curie
Pieter Zeeman	Pieter Zeeman
Planet	Sayari
Plant	Mmea
Plasma (physics)	Utegili (fizikia)
Plate tectonics	Gandunia
Platinum	Platini
Plato	Plato
Pleiades (star cluster)	Kilimia
Pluto	Pluto
Podcast	Podikasiti
Poetry	Ushairi
Poitiers	Poitiers
Poland	Poland
Poland	Category:Poland
Politics	Siasa
Politics	Category:Siasa
Polonium	Poloni
Polynesia	Polynesia
Pope	Papa
Pope Alexander VI	Papa Alexander VI
Port Louis	Port Louis
Port Moresby	Port Moresby
Port Vila	Port Vila
Port-au-Prince	Port-au-Prince
Portugal	Ureno
Portugal	Category:Ureno
Potassium	Kali
Potato	Kiazi
Pound (mass)	Ratili
Prague	Praha
Praia	Praia (Cabo Verde)
Precipitation (meteorology)	Usimbishaji
Prehistory	Kabla-ya Historia
President	Rais
Pretoria	Pretoria
Prose	Nathari
Protectorate	Nchi lindwa
Proton	Protoni
Prussia	Prussia
Puerto Rico	Puerto Rico
Pyongyang	Pyonyang
Pyramid	Piramidi
Pyrenees	Pirenei
Pythagoras	Pythagoras
Q	Q
Qatar	Qatar
Qatar	Category:Qatar
Quebec	Quebec
Quito	Quito
R	R
Rabat	Rabat
Rabindranath Tagore	Rabindranath Tagore
Racism	Ubaguzi wa rangi
Radium	Radi
Radius	Nusukipenyo
Radon	Radoni
Rain	Mvua
Ramadan	Ramadan (mwezi)
Random access memory	RAM
Rectangle	Mstatili
Red Sea	Bahari ya Shamu
Referendum	Kura ya maoni
Reggae	Reggae
Religion	Dini
Religion	Category:Dini
Republic	Jamhuri
Republic of China	Jamhuri ya China
Republic of Ireland	Category:Ireland
Republic of the Congo	Jamhuri ya Kongo
Republic of the Congo	Category:Jamhuri ya Kongo
Rhenium	Reni
Rhine	Rhine
Rhodes	Rhodos
Rhodium	Rodi
Rice	Mpunga
Richard Feynman	Richard Feynman
Richard Strauss	Richard Strauss
Richard Wagner	Richard Wagner
Riga	Riga
Rio de Janeiro	Rio de Janeiro
River	Mto
Riyadh	Riyad
Roald Amundsen	Roald Amundsen
Robert Andrews Millikan	Robert Millikan
Robert Koch	Robert Koch
Robert Schumann	Robert Schumann
Rock (geology)	Mwamba (jiolojia)
Rocky Mountains	Rocky Mountains
Roentgenium	Roentgeni
Roman Empire	Dola la Roma
Romania	Romania
Romania	Category:Romania
Romansh	Kirumanj
Rome	Mji wa Roma
Rome	Category:Roma
Rosa Parks	Rosa Parks
Roseau	Roseau
Rubidium	Rubidi
Rudyard Kipling	Rudyard Kipling
Russia	Urusi
Ruthenium	Rutheni
Rutherford B. Hayes	Rutherford B. Hayes
Rutherfordium	Rutherfordi
Rwanda	Rwanda
Rwanda	Category:Rwanda
Rye	Ngano nyekundu
S	S
Saddam Hussein	Saddam Hussein
Sahara	Sahara
Saint Kitts and Nevis	Saint Kitts na Nevis
Saint Lucia	Saint Lucia
Saint Lucia	Category:Saint Lucia
Saint Peter	Petro Mtakatifu
Saint Petersburg	Sankt Peterburg
Saint Vincent and the Grenadines	Saint Vincent na Grenadini
Saladin	Salah ad-Din
Samoa	Samoa
Samuel Beckett	Samuel Beckett
San Francisco	San Francisco
San Marino	San Marino
San Salvador	San Salvador
Sand	Mchanga
Sanskrit	Kisanskrit
Santiago	Santiago de Chile
Santo Domingo	Santo Domingo
Sappho	Sappho
Sarah Bernhardt	Sarah Bernhardt
Sarajevo	Sarayevo
Sardinia	Sardinia
Sari	Sari
Saturday	Jumamosi
Saturn	Zohali
Saturn (mythology)	Saturnus
Saudi Arabia	Saudia
Saul Bellow	Saul Bellow
Savanna	Savana
Scandinavia	Skandinavia
Scandinavia	Category:Skandinavia
Scandium	Skandi
Schutzstaffel	Schutzstaffel
Science	Sayansi
Science	Category:Sayansi
Scotland	Uskoti
Scotland	Category:Uskoti
Sculpture	Bombwe
Sea of Marmara	Bahari ya Marmara
Seattle	Seattle (mji)
Second	Sekunde
Second Vatican Council	Mtaguso wa pili wa Vatikani
Selenium	Seleni
Senegal	Senegal
Senegal	Category:Senegal
Seoul	Seoul
September	Septemba
September 11	11 Septemba
September 11	Shambulio la 11 Septemba 2001
September 17	17 Septemba
September 29	29 Septemba
Septuagint	septuaginta
Serbia	Serbia
Serbia	Category:Serbia
Sergei Rachmaninoff	Sergei Rachmaninoff
Seven Years' War	Vita ya Miaka Saba
Seville	Sevilla
Seychelles	Shelisheli
Shahadah	Shahada
Shanghai	Shanghai
Shinto	Shinto
Siberia	Siberia
Sichuan	Sichuan
Sicily	Sisilia
Sierra Leone	Sierra Leone
Sierra Leone	Category:Sierra Leone
Sigrid Undset	Sigrid Undset
Sikhism	Kalasinga
Silk	Hariri
Silk Road	Barabara ya hariri
Silver	Agenti (fedha)
Sinai Peninsula	Rasi ya Sinai
Sinclair Lewis	Sinclair Lewis
Singapore	Singapuri
Skagerrak	Skagerak
Skopje	Skopje
Slavery	Utumwa
Slovakia	Slovakia
Slovakia	Category:Slovakia
Slovenia	Slovenia
Slovenia	Category:Slovenia
Snow	Theluji
Socrates	Sokrates
Sodium	Natiri
Sofia	Sofia
Solar System	Mfumo wa jua na sayari zake
Solar eclipse	Kupatwa kwa jua
Solid	Mango
Solomon Islands	Visiwa vya Solomon
Somalia	Somalia
Somalia	Category:Somalia
Song	wimbo
Sophocles	Sophokles
South Africa	Category:Afrika Kusini
South America	Amerika ya Kusini
South America	Category:Amerika Kusini
South Carolina	South Carolina
South China Sea	Bahari ya Kusini ya China
South Korea	Korea Kusini
South Korea	Category:Korea ya Kusini
South Pole	Ncha ya kusini
South Vietnam	Vietnam Kusini
Southeast Asia	Asia ya Kusini-Mashariki
Soviet Union	Umoja wa Kisovyeti
Soybean	Soya
Spaghetti	Spaghetti
Spain	Hispania
Spain	Category:Hispania
Spanish people	Category:Watu wa Hispania
Spanish-American War	Vita ya Marekani dhidi Hispania
Speed of light	Kasi ya nuru
Square (geometry)	Mraba
Square metre	Mita ya mraba
Sri Lanka	Sri Lanka
Star	Nyota
Starch	Wanga
Steel	Chuma cha pua
Steven Spielberg	Steven Spielberg
Stockholm	Stockholm
Stork	Korongo (Ciconiidae)
Strait	Mlango wa bahari
Strait of Gibraltar	Mlango wa Gibraltar
Strait of Hormuz	Mlango wa Hormuz
Straits	Category:Milango ya Bahari
Stroke	Kiharusi
Strontium	Stronti
Sturmabteilung	Sturmabteilung
Stuttgart	Stuttgart
Submarine	Nyambizi
Sucre	Sucre
Sudan	Sudan
Sudan	Category:Sudan
Suez Canal	Mfereji wa Suez
Sugar	Sukari
Sulfur	Sulfuri
Sumer	Sumeri
Summer	Kipindi cha Kiangazi
Sun	Jua
Sunday	Jumapili
Suriname	Surinam
Suva	Suva
Svalbard	Svalbard
Swan	Bata-maji
Swaziland	Uswazi
Swaziland	Category:Uswazi
Sweden	Uswidi
Sweden	Category:Uswidi
Swiss people	Category:Watu wa Uswisi
Switzerland	Uswisi
Switzerland	Category:Uswisi
Sydney	Sydney
Synagogue	Sinagogi
Syracuse	Siracusa
Syria	Syria
Syria	Category:Syria
T	T
T. S. Eliot	T. S. Eliot
Taipei	Taipei
Taj Mahal	Taj Mahal
Tajikistan	Tajikistan
Tajikistan	Category:Tajikistan
Tallinn	Tallinn
Tampere	Tampere
Tantalum	Tantali
Tanzania	Tanzania
Tanzania	Category:Tanzania
Taoism	Utao
Tashkent	Tashkent
Tasmania	Tasmania
Tbilisi	Tbilisi
Tea	Chai
Technetium	Tekineti
Technology	Teknolojia
Technology	Category:Teknolojia
Tegucigalpa	Tegucigalpa
Tehran	Tehran
Telephone	Simu
Telescope	Darubini
Tellurium	Teluri
Ten Commandments	Amri Kumi
Tenzing Norgay	Tenzing Norgay
Terrorism	Ugaidi
Thailand	Uthai
Thallium	Tali
The Gambia	Gambia
The Gambia	Category:Gambia
The Hague	Den Haag
Theodor Mommsen	Theodor Mommsen
Theodore Roosevelt	Theodore Roosevelt
Theodosius I	Theodosius Mkuu
Theology	Category:Teolojia
Thirty Years' War	Vita ya miaka 30
Thomas Aquinas	Thomas Aquinas Mtakatifu
Thomas Jefferson	Thomas Jefferson
Thomas Mann	Thomas Mann
Thomas More	Thomas More
Thumb	Kidole gumba
Thursday	Alhamisi
Tigris	Hidekeli
Timbuktu	Timbuktu
Time	Wakati
Time	Category:Wakati
Timor	Timor
Timur	Timur
Tin	Stani
Tirana	Tirana
Titanium	Titani
Titus	Kaizari Titus
Tobacco	Tumbaku
Togo	Togo
Togo	Category:Togo
Tokyo	Tokyo
Tom and Jerry	Tom na Jerry
Tonga	Tonga
Toni Morrison	Toni Morrison
Tourism	Category:Usafiri
Tours	Tours
Tower	Mnara
Train	Treni
Trajan	Kaizari Traian
Treaty of Versailles	Mkataba wa Versailles
Triangle	Pembetatu
Trilogy	Trilogy
Trinidad and Tobago	Trinidad na Tobago
Trinidad and Tobago	Category:Trinidad
Tripoli	Tripoli (Libya)
Tsar	Tsar
Tsunami	Tsunami
Tuesday	Jumanne
Tunis	Tunis
Tunisia	Tunisia
Tunisia	Category:Tunisia
Turkey	Uturuki
Turkey	Category:Uturuki
Turkmenistan	Turkmenistan
Turkmenistan	Category:Turkmenistan
Tuscany	Toscana
Tuvalu	Tuvalu
U	U
UNESCO	UNESCO
Uganda	Uganda
Uganda	Category:Uganda
Ukraine	Ukraine
Ukraine	Category:Ukraine
Ulan Bator	Ulaanbaatar
Ulysses S. Grant	Ulysses S. Grant
Uncertainty principle	Kanuni ya Heisenberg ya Utovu wa Hakika
United Arab Emirates	Falme za Kiarabu
United Kingdom	Ufalme wa Muungano wa Britania na Eire ya Kaskazini
United Kingdom	Category:Uingereza
United Nations	Umoja wa Mataifa
United Nations	Category:Umoja wa Mataifa
United Nations Children's Fund	UNICEF
United States	Marekani
United States	Category:Marekani
United States Virgin Islands	Visiwa vya Virgin vya Marekani
United States dollar	Dola ya Marekani
Universe	Ulimwengu
Ununbium	Ununbi
Ununhexium	Ununheksi
Upsilon	Ipsilon
Ur	Ur
Uranium	Urani
Uranus	Uranus
Uruguay	Uruguay
Uruguay	Category:Uruguay
Uzbekistan	Uzbekistan
V	V
Vaduz	Vaduz
Valentine's Day	Siku ya wapendanao
Valletta	Valletta
Vanadium	Vanadi
Vanuatu	Vanuatu
Vatican City	Vatikani
Vegetable	Mboga za majani
Venezuela	Venezuela
Venezuela	Category:Venezuela
Venice	Venezia
Venus	Zuhura
Versailles	Versailles
Vespasian	Vespasian
Victor Hugo	Victor Hugo
Victoria	Victoria (Shelisheli)
Victoria Falls	Victoria Falls
Vienna	Vienna
Vientiane	Vientiane
Vietnam	Vietnam
Vietnam	Category:Vietnam
Vietnam War	Vita ya Vietnam
Viking	Waviking
Vilnius	Vilnius
Vincent van Gogh	Vincent van Gogh
Vincenzo Bellini	Vincenzo Bellini
Virgin Islands	Visiwa vya Virgin
Virginia	Virginia
Vistula	Vistula (mto)
Vladimir Lenin	Vladimir Lenin
Vladimir Nabokov	Vladimir Nabokov
Volcano	Volkeno
Volga River	Volga (mto)
Vowel	Vokali
W	W
Wales	Welisi
Walt Disney	Walt Disney
War	Vita
Warsaw	Warshawa
Washington	Washington DC
Washington	Washington
Washington (disambiguation)	Washington (maana)
Water	Maji
Weapon	Silaha
Weather	Hali ya hewa
Wednesday	Jumatano
Week	Juma
Wellington	Wellington
West Africa	Afrika ya Magharibi
West Germany	Shirikisho la Jamhuri ya Ujerumani
West Virginia	West Virginia
Western Roman Empire	Dola la Roma Magharibi
Western Sahara	Sahara ya Magharibi
Wheat	Ngano
Wiesbaden	Wiesbaden
Wilhelm Ostwald	Wilhelm Ostwald
William Butler Yeats	William Butler Yeats
William Faulkner	William Faulkner
William Golding	William Golding
William Henry Harrison	William Henry Harrison
William Shakespeare	William Shakespeare
William Shockley	William Shockley
William of Ockham	William wa Ockham
Windhoek	Windhoek
Wine	Divai
Winston Churchill	Winston Churchill
Wolfgang Amadeus Mozart	Wolfgang Amadeus Mozart
Wolfgang Pauli	Wolfgang Pauli
Woman	Mwanamke
Wood	Ubao
Woodrow Wilson	Woodrow Wilson
World Bank	Benki ya Dunia
World Health Organization	Shirika la Afya Duniani
World War I	Vita Kuu ya Kwanza ya Dunia
World War II	Vita Kuu ya Pili ya Dunia
World war	Vita Kuu ya Dunia
X	X
Xenon	Xenoni
Y	Y
Yangon	Yangon
Yangtze River	Yangtze (mto)
Year	Mwaka
Years	Category:Miaka
Yemen	Yemen
Yemen	Category:Yemen
Yerevan	Yerevan
Yttrium	Ytri
Yugoslavia	Yugoslavia
Yugoslavia	Category:Yugoslavia
Yunnan	Yunnan
Yuri Gagarin	Yuri Gagarin
Z	Z
Zachary Taylor	Zachary Taylor
Zagreb	Zagreb
Zambezi	Zambezi (mto)
Zambia	Zambia
Zambia	Category:Zambia
Zanzibar	Jamhuri ya Watu wa Zanzibar
Zimbabwe	Zimbabwe
Zimbabwe	Category:Zimbabwe
Zinc	Zinki
Zirconium	Zirikoni
Zoo	Bustani ya wanyama
